D_F_S,https://knas.onzeranglijsten.net/pag/8094/rls/6844
D_F_K,https://knas.onzeranglijsten.net/pag/8094/rls/b645
D_F_B,https://knas.onzeranglijsten.net/pag/8094/rls/cb42
D_F_P,https://knas.onzeranglijsten.net/pag/8094/rls/1943
D_F_C,https://knas.onzeranglijsten.net/pag/8094/rls/ae40
D_F_J,https://knas.onzeranglijsten.net/pag/8094/rls/fc41
H_F_S,https://knas.onzeranglijsten.net/pag/8094/rls/3171
H_F_K,https://knas.onzeranglijsten.net/pag/8094/rls/ac7e
H_F_B,https://knas.onzeranglijsten.net/pag/8094/rls/fb7f
H_F_P,https://knas.onzeranglijsten.net/pag/8094/rls/107c
H_F_C,https://knas.onzeranglijsten.net/pag/8094/rls/5e7d
H_F_J,https://knas.onzeranglijsten.net/pag/8094/rls/f37a
H_F_Va,https://knas.onzeranglijsten.net/pag/8094/rls/5678
H_F_Vb,https://knas.onzeranglijsten.net/pag/8094/rls/a479
H_F_Vc,https://knas.onzeranglijsten.net/pag/8094/rls/8546
H_F_Vd,https://knas.onzeranglijsten.net/pag/8094/rls/d347
D_F_Va,https://knas.onzeranglijsten.net/pag/8094/rls/464f
D_F_Vb,https://knas.onzeranglijsten.net/pag/8094/rls/db4c
D_F_Vc,https://knas.onzeranglijsten.net/pag/8094/rls/2a4d
D_F_Vd,https://knas.onzeranglijsten.net/pag/8094/rls/be4a
H_D_K,https://knas.onzeranglijsten.net/pag/8094/rls/2148
H_D_B,https://knas.onzeranglijsten.net/pag/8094/rls/7049
H_D_P,https://knas.onzeranglijsten.net/pag/8094/rls/eb56
H_D_C,https://knas.onzeranglijsten.net/pag/8094/rls/3a57
H_D_J,https://knas.onzeranglijsten.net/pag/8094/rls/4f54
D_D_K,https://knas.onzeranglijsten.net/pag/8094/rls/ad5f
D_D_B,https://knas.onzeranglijsten.net/pag/8094/rls/c25c
D_D_P,https://knas.onzeranglijsten.net/pag/8094/rls/105d
D_D_C,https://knas.onzeranglijsten.net/pag/8094/rls/a55a
D_D_J,https://knas.onzeranglijsten.net/pag/8094/rls/f35b
H_S_S,https://knas.onzeranglijsten.net/pag/8094/rls/2167
D_S_S,https://knas.onzeranglijsten.net/pag/8094/rls/8c6a
